,coefficient,odds_ratio,std_err,z_value,p_value
group_numeric,0.36970137524434177,1.4473023498134676,0.01028685646621287,35.93919837985726,7.464799481676543e-283
time_pressure,0.9706686850019949,2.639709003146453,0.008790909290320524,110.41732464135157,0.0
personality_numeric,0.5863065890691193,1.7973378340902975,0.0037701691841604866,155.51201031835754,0.0
trial_index,-0.5135872764361227,0.5983452943107787,0.008069094553495566,-63.64868735038363,0.0
time_diff,0.13491737435076848,1.1444422201632056,0.0008396821406494422,160.67672255886998,0.0
congestion_diff,-0.01068370688249298,0.9893731612130173,0.00013932057804043465,-76.68434220386506,0.0
group_x_trial,-0.01445112248237576,0.9856527938168347,0.004153426296634959,-3.4793256098185332,0.0005026774157912085
group_x_personality,0.02046910440422774,1.02068003323833,0.005557010613381018,3.6834740525668797,0.0002300767134865248
trial_x_congestion,0.001745246318897459,1.0017467701476108,0.00011893899643459845,14.67345758089632,9.535937276479595e-49
